id,value,feed_id,created_at,lat,lon,ele
0EH039XGVMKJ9FW216QVNWWDV0,25.58643,1431814,2020-08-18 08:22:20 UTC,,,
0EH03A1TVEF83GM4KT8DVPG67T,25.94128,1431814,2020-08-18 08:22:35 UTC,,,
0EH03A62TB272SASZR06ERD8QM,25.94128,1431814,2020-08-18 08:22:48 UTC,,,
0EH03AACV9TQCEC12857JSNP07,25.82291,1431814,2020-08-18 08:23:03 UTC,,,
0EH03AENW0WWQ10JDE5X2ZZTMY,25.70462,1431814,2020-08-18 08:23:17 UTC,,,
0EH03AJWZFGN48K3EYVS0NQTRR,26.17835,1431814,2020-08-18 08:23:30 UTC,,,
0EH03AQB265H72J5BM59KESK5W,25.94128,1431814,2020-08-18 08:23:45 UTC,,,
0EH03AVGS15VF85G54JJVQ2XFW,25.94128,1431814,2020-08-18 08:23:59 UTC,,,
0EH03AZTSAHX1EJ6QXSHTPKC82,25.94128,1431814,2020-08-18 08:24:13 UTC,,,
0EH03B45VQ2NB78CATZ523BCSR,26.17835,1431814,2020-08-18 08:24:27 UTC,,,
0EH03B8EVT7DZR9F5Z4GAS190Z,23.82422,1431814,2020-08-18 08:24:41 UTC,,,
0EH03BCPSREYAD7G98Q83VBQEM,23.89435,1431814,2020-08-18 08:24:55 UTC,,,
0EH03BH0P1ACECF3T8F1J1PDWW,23.59055,1431814,2020-08-18 08:25:09 UTC,,,
0EH03BNARFBENETAFGTHA70WM4,23.70734,1431814,2020-08-18 08:25:23 UTC,,,
0EH03BSMXAKFRWGM7Q153SD7PD,23.70734,1431814,2020-08-18 08:25:37 UTC,,,
0EH03BXXZG0C2B13PRDMJFRRXW,23.82422,1431814,2020-08-18 08:25:51 UTC,,,
0EH03C26ZQTCY9NMEJV62Q6F69,23.70734,1431814,2020-08-18 08:26:06 UTC,,,
0EH03C6GS98BJH91K3M5HVWC74,23.82422,1431814,2020-08-18 08:26:20 UTC,,,
0EH03CATRWSF3Y0BJXT4YPJG0K,23.96454,1431814,2020-08-18 08:26:34 UTC,,,
0EH03CF4YD4RBPJMP9TSG03NV6,23.82422,1431814,2020-08-18 08:26:48 UTC,,,
0EH03CKF5PQ9WM4F9T0DNG5ZT3,23.96454,1431814,2020-08-18 08:27:02 UTC,,,
0EH03CQRQG9XZ5GH0ZQFQGE9ZF,23.89435,1431814,2020-08-18 08:27:16 UTC,,,
0EH03HNV0FHTMHW7YBK1ZJ5EWF,23.47385,1431814,2020-08-18 08:35:54 UTC,,,
0EH03HT5WBQJ4YME6003RQ1AS7,23.70734,1431814,2020-08-18 08:36:08 UTC,,,
0EH03M1V1C49C8ZX8ZT56GCNMK,23.70734,1431814,2020-08-18 08:40:03 UTC,,,
0EH03M58S2JM2DRGY5F1KBNQQK,23.70734,1431814,2020-08-18 08:40:14 UTC,,,
0EH03NNAXFW38YNH7MY2HH40J1,23.70734,1431814,2020-08-18 08:42:52 UTC,,,
0EH03NRPV99CFP5XW11TD7KH3D,23.59055,1431814,2020-08-18 08:43:03 UTC,,,
0EH03NW4Y1SHV3QXR7JNQQMHCM,23.59055,1431814,2020-08-18 08:43:14 UTC,,,
0EH03NZK1TSBRJDBRR75EE2QMX,23.59055,1431814,2020-08-18 08:43:25 UTC,,,
0EH03P32B3HMR2JFNTTGTNSF9D,23.59055,1431814,2020-08-18 08:43:37 UTC,,,
0EH03P6DE1738PAY6309YYDX7V,23.59055,1431814,2020-08-18 08:43:48 UTC,,,
0EH03P9WNB578RG06SJQ86DDTF,23.59055,1431814,2020-08-18 08:43:59 UTC,,,
0EH03PD6T1CDZEMXWD2TFFQ7QR,23.29889,1431814,2020-08-18 08:44:10 UTC,,,
0EH03PGMRN9PP262RKZFXD5FV3,23.29889,1431814,2020-08-18 08:44:21 UTC,,,
0EH03QC4XSF2E1A1WCVEF80K70,23.29889,1431814,2020-08-18 08:45:51 UTC,,,
0EH03QGER7392WMSC1XGZTJV46,23.12408,1431814,2020-08-18 08:46:06 UTC,,,
0EH03QMRP3VNGZX6SCNDSMVEHH,23.29889,1431814,2020-08-18 08:46:20 UTC,,,
0EH03QS3WZK6KBX6XP54RRTVZW,23.03671,1431814,2020-08-18 08:46:34 UTC,,,
0EH03QXH0ES49QDK85A6FP5YEE,23.12408,1431814,2020-08-18 08:46:48 UTC,,,
0EH03R1PQJZA5DVA9PNY6PFJ7Q,23.03671,1431814,2020-08-18 08:47:02 UTC,,,
0EH03R62S4R6PN302H5NP19WZK,22.86209,1431814,2020-08-18 08:47:16 UTC,,,
0EH03RACVZZVDXXQ1Q2Y3062GP,23.03671,1431814,2020-08-18 08:47:31 UTC,,,
0EH03REN01JPWX3WAMW3857BSR,23.12408,1431814,2020-08-18 08:47:45 UTC,,,
0EH03RJYRGNF0CJ86W5MZB1Q4J,22.77484,1431814,2020-08-18 08:47:59 UTC,,,
0EH03RQAQF93725F6H7HEFDNWM,22.77484,1431814,2020-08-18 08:48:13 UTC,,,
0EH03RVJQ3WCRS79HAGG187SFB,22.68762,1431814,2020-08-18 08:48:27 UTC,,,
0EH03RZWXY2HP0SEWBGGZ6H3V3,22.42612,1431814,2020-08-18 08:48:41 UTC,,,
0EH03S4AMJSG2445F3QVQMAF7N,22.6004,1431814,2020-08-18 08:48:56 UTC,,,
0EH03S8GR40EYYW1BVDKQMMA6S,22.51324,1431814,2020-08-18 08:49:09 UTC,,,
0EH03SCYQJYHS3CQRVJGMM01HM,22.30997,1431814,2020-08-18 08:49:24 UTC,,,
0EH03SH795Z30EV62CV4Q4K23Z,22.6004,1431814,2020-08-18 08:49:38 UTC,,,
0EH03SNGSDTK0PCRD6JM34RD6B,22.51324,1431814,2020-08-18 08:49:52 UTC,,,
0EH03SSWQXE3YHBQ00MTWGRMGV,22.94937,1431814,2020-08-18 08:50:06 UTC,,,
0EH03SY7X1CPGNYASFR9XCHG3S,22.77484,1431814,2020-08-18 08:50:20 UTC,,,
0EH03T2GW2RCBSRZVCK2NQ2MRR,22.77484,1431814,2020-08-18 08:50:35 UTC,,,
0EH03T6V70TDNC0QYF533JE6VM,22.07782,1431814,2020-08-18 08:50:49 UTC,,,
0EH03TB4QQN2SGZ517V6MDV7MC,22.19388,1431814,2020-08-18 08:51:03 UTC,,,
0EH03TFEX9AEFJQRFH6KK7ERG6,22.07782,1431814,2020-08-18 08:51:17 UTC,,,
0EH03TKWM3K7K5YB0XBS6DQWS4,22.68762,1431814,2020-08-18 08:51:31 UTC,,,
0EH03TR4TGH20GJS9BXR6S3X61,22.6004,1431814,2020-08-18 08:51:45 UTC,,,
0EH03TWF57FRC1B1DAS3Z91S2B,22.6004,1431814,2020-08-18 08:52:00 UTC,,,
0EH03V0RWYXRJEEFDTNZF83TW1,22.77484,1431814,2020-08-18 08:52:14 UTC,,,
0EH03V52X8MG47P1F1BSRZ6EM0,22.51324,1431814,2020-08-18 08:52:28 UTC,,,
0EH03V9CT9ESRNGGHF3K1HKBSW,22.51324,1431814,2020-08-18 08:52:42 UTC,,,
0EH03VDPREFB6MTV4DB9QWAS96,22.68762,1431814,2020-08-18 08:52:56 UTC,,,
0EH03VSH4CDWDHNV8KN6SQ2MDP,22.68762,1431814,2020-08-18 08:53:35 UTC,,,
0EH03VXY02E99NYMX7MYTZKS2K,22.30997,1431814,2020-08-18 08:53:49 UTC,,,
0EH03W24YR3WBMBHR15647ZPD9,22.6004,1431814,2020-08-18 08:54:03 UTC,,,
0EH03W6J2PWBPXZSHXDFPBYYKE,22.30997,1431814,2020-08-18 08:54:17 UTC,,,
0EH041210487NP1E0P1RNY8CCB,22.30997,1431814,2020-08-18 09:02:47 UTC,,,
0EH0415C0E2E9CTYEQ83TBBK11,22.30997,1431814,2020-08-18 09:02:58 UTC,,,
0EH0418V53138T10RGBA0H1NHT,22.07782,1431814,2020-08-18 09:03:09 UTC,,,
0EH041C72WYN08KE32H01VP2NY,22.07782,1431814,2020-08-18 09:03:20 UTC,,,
0EH041FMZ27EHY8VKT2KAB627H,22.07782,1431814,2020-08-18 09:03:32 UTC,,,
0EH041K2Y4XVDEQFP720BTZ86P,22.19388,1431814,2020-08-18 09:03:43 UTC,,,
0EH041PFAF4CT36Z29EGPG009F,22.07782,1431814,2020-08-18 09:03:54 UTC,,,
0EH041SY2A55A9EK0WW2BJMS3Q,22.07782,1431814,2020-08-18 09:04:05 UTC,,,
0EH041X8WBMHWR8J108Q7YEV8M,21.8169,1431814,2020-08-18 09:04:16 UTC,,,
0EH0420Q6FC4C6G28HJYC07WRV,22.07782,1431814,2020-08-18 09:04:27 UTC,,,
0EH0424601FY8ZN19MB8V9S79A,21.99085,1431814,2020-08-18 09:04:39 UTC,,,
0EH0427MKAQ6CQ1H7VKFZF1TT4,21.99085,1431814,2020-08-18 09:04:50 UTC,,,
0EH042AYXJ74Q1HPTAYH4WGH6A,21.8169,1431814,2020-08-18 09:05:01 UTC,,,
0EH042ECZZ0SEQW3GEASD4SZ5Q,21.99085,1431814,2020-08-18 09:05:12 UTC,,,
0EH042HSMM979TZANKPWZKMPCW,21.90387,1431814,2020-08-18 09:05:23 UTC,,,
0EH042N6V79PY61RFXVW3VARBX,22.07782,1431814,2020-08-18 09:05:35 UTC,,,
0EH042RMZF7ZHVC2EKFANXDZW2,22.07782,1431814,2020-08-18 09:05:46 UTC,,,
0EH042W0WXDS5RGDP2WWAK85TC,21.99085,1431814,2020-08-18 09:05:57 UTC,,,
0EH042ZQ0XBRY5A5QP381MY49Z,21.8169,1431814,2020-08-18 09:06:09 UTC,,,
0EH0432WT7059HQD6XPTB8M0YS,22.07782,1431814,2020-08-18 09:06:19 UTC,,,
0EH04368W4TGT46X5TM3Y9ETWD,21.90387,1431814,2020-08-18 09:06:31 UTC,,,
0EH0439PZ2AC72EG620CFEC1VF,22.07782,1431814,2020-08-18 09:06:42 UTC,,,
0EH043D6PMDHK01W5RT3ZH1340,21.8169,1431814,2020-08-18 09:06:53 UTC,,,
0EH043GK2EHRVC2ZEDTD7ZWYYQ,22.07782,1431814,2020-08-18 09:07:04 UTC,,,
0EH043KZ4TPMC2W4S43A6VYEHJ,21.49826,1431814,2020-08-18 09:07:15 UTC,,,
0EH043QCWGRVYAY5HX36KEWAFP,22.07782,1431814,2020-08-18 09:07:27 UTC,,,
0EH043TV129QM6J2GMF0XAPTHE,21.8169,1431814,2020-08-18 09:07:38 UTC,,,
0EH043Y92KG8XQFV4M64C8YAHQ,21.49826,1431814,2020-08-18 09:07:49 UTC,,,
0EH0441N0BVK49Z0H4VZ8GG9NZ,21.72998,1431814,2020-08-18 09:08:00 UTC,,,
0EH04454X2GVGXRGANJG6YG2M6,22.07782,1431814,2020-08-18 09:08:12 UTC,,,
0EH0448EWPQBWSGXQH674P6QYG,21.90387,1431814,2020-08-18 09:08:23 UTC,,,
0EH044BWWR9J35QN6854CSJP7R,21.90387,1431814,2020-08-18 09:08:34 UTC,,,
0EH044FCEF2QZ49X47NBZG2D5H,21.72998,1431814,2020-08-18 09:08:45 UTC,,,
0EH044JQ0AAD44TRK7D518QCK6,21.38248,1431814,2020-08-18 09:08:56 UTC,,,
0EH044P517NFXAJN03NS0J6XKF,21.72998,1431814,2020-08-18 09:09:07 UTC,,,
0EH044SGYG2CMMV7P0159DA664,21.8169,1431814,2020-08-18 09:09:18 UTC,,,
0EH044WZ4J2ESFRY1B7MSRR0N6,21.90387,1431814,2020-08-18 09:09:30 UTC,,,
0EH0450CZEFGDEBJXDYK0NW62X,21.8169,1431814,2020-08-18 09:09:41 UTC,,,
0EH0453V5FSR4DT0HPPGDMS8Z5,21.90387,1431814,2020-08-18 09:09:52 UTC,,,
0EH045776FV7GE6A1HEVV85ZAB,21.38248,1431814,2020-08-18 09:10:03 UTC,,,
0EH045AMXCT8MZA9CD64N55WWZ,21.61407,1431814,2020-08-18 09:10:15 UTC,,,
0EH045E306MTWP3BDEKC9N0P7X,21.61407,1431814,2020-08-18 09:10:26 UTC,,,
0EH045HF1421MNXNVQG32472RE,21.49826,1431814,2020-08-18 09:10:37 UTC,,,
0EH045MVVA7M21NT5QWDENCEMG,21.49826,1431814,2020-08-18 09:10:48 UTC,,,
0EH045RB1A0RQW4PZEGYPTBE6T,21.38248,1431814,2020-08-18 09:10:59 UTC,,,
0EH045VRVTBYDYXN9X2K25W0B3,21.61407,1431814,2020-08-18 09:11:11 UTC,,,
0EH045Z4ZXB50Y5208DJN39A35,21.49826,1431814,2020-08-18 09:11:22 UTC,,,
0EH0462K2HN3CX5C1EB28936SE,21.31302,1431814,2020-08-18 09:11:33 UTC,,,
0EH0465YZPBNTXYDWQ251JVW9C,21.49826,1431814,2020-08-18 09:11:44 UTC,,,
0EH0469DW4P9FF1F49WDSVE74H,21.72998,1431814,2020-08-18 09:11:55 UTC,,,
0EH046CV2HHCWKPMVP5T6TGADG,21.38248,1431814,2020-08-18 09:12:07 UTC,,,
0EH046G6XVJFQ2P12TGFCFPVNS,21.61407,1431814,2020-08-18 09:12:18 UTC,,,
0EH046KQ31SDPBRJJJVGWQXBKN,21.49826,1431814,2020-08-18 09:12:29 UTC,,,
0EH046Q3088Z29NX3SYRBJZ2XG,21.24359,1431814,2020-08-18 09:12:40 UTC,,,
0EH046TF7Z2V0WFZPT2XVA5BAN,21.31302,1431814,2020-08-18 09:12:51 UTC,,,
0EH046XX06RPWC1RYF77DH4HKW,21.31302,1431814,2020-08-18 09:13:03 UTC,,,
0EH047192D9VV8RXGZ1JET3890,21.24359,1431814,2020-08-18 09:13:14 UTC,,,
0EH0474PXDTZN2KMH38P2EAK41,21.31302,1431814,2020-08-18 09:13:25 UTC,,,
0EH0478536NHWB9Y974BCHQPXB,21.31302,1431814,2020-08-18 09:13:36 UTC,,,
0EH047BK25YVZ0YM94M0JBBFT5,21.24359,1431814,2020-08-18 09:13:47 UTC,,,
0EH047EYZ1G7MCPMG06PNPTWH3,21.31302,1431814,2020-08-18 09:13:58 UTC,,,
0EH047JD2XHQZT59F66BMRD1TD,21.38248,1431814,2020-08-18 09:14:10 UTC,,,
0EH047NTYPRQC3NTWSBZ37F0MD,21.24359,1431814,2020-08-18 09:14:21 UTC,,,
0EH047S6ZHEMZ45ZBV8MGTCKP3,21.24359,1431814,2020-08-18 09:14:32 UTC,,,
0EH047WMYE6WQ66FNCRDKD77N4,21.24359,1431814,2020-08-18 09:14:43 UTC,,,
0EH0480320QHV80RQNM6AAD65Z,21.31302,1431814,2020-08-18 09:14:55 UTC,,,
0EH0483H3M3HNJ8C0YSGC4MFW6,21.24359,1431814,2020-08-18 09:15:06 UTC,,,
0EH0486WVFCJB6N1Q7J6AAWA4W,21.31302,1431814,2020-08-18 09:15:17 UTC,,,
0EH048AB08K2FN85XJYNM86WP5,21.38248,1431814,2020-08-18 09:15:28 UTC,,,
0EH048DS0HQG4N8N97NVJ9N2AX,21.17413,1431814,2020-08-18 09:15:39 UTC,,,
0EH048H50DB2AMJ3KSB003D017,21.31302,1431814,2020-08-18 09:15:50 UTC,,,
0EH048MK0XBC139NC29Y7J18EP,21.17413,1431814,2020-08-18 09:16:02 UTC,,,
0EH048QYZ1M4AB1T6Z22V26BKY,21.24359,1431814,2020-08-18 09:16:13 UTC,,,
0EH048VE2SEH01VP0AMHBE2WBP,21.17413,1431814,2020-08-18 09:16:24 UTC,,,
0EH048Z12FTAYSG4G3NH6HC7Z7,21.17413,1431814,2020-08-18 09:16:36 UTC,,,
0EH0492X55V6TPRA18HF0E077X,20.86185,1431814,2020-08-18 09:16:49 UTC,,,
0EH0495MYXDN8GH5AYZX02QH35,21.31302,1431814,2020-08-18 09:16:58 UTC,,,
0EH049934WF4YM8RX13CRE8EEX,21.24359,1431814,2020-08-18 09:17:09 UTC,,,
0EH049CG285T3BTZPDVCK9NSES,21.17413,1431814,2020-08-18 09:17:20 UTC,,,
0EH053YW9RBR5DFAAVJEY62NES,18.26434,1431814,2020-08-18 10:03:47 UTC,,,
0EH05433MZ1Y12RCG0G7MTTW45,18.47202,1431814,2020-08-18 10:04:00 UTC,,,
0EH0547BGRY00PSQFK0NMB621M,18.26434,1431814,2020-08-18 10:04:14 UTC,,,
0EH054BM0419NHEWHK5733H6CK,18.09122,1431814,2020-08-18 10:04:28 UTC,,,
0EH054FZQ51S31QQVBR31M2VAV,18.33356,1431814,2020-08-18 10:04:43 UTC,,,
0EH054M7NTF1VRD87Z8M1KRXK6,18.33356,1431814,2020-08-18 10:04:57 UTC,,,
0EH054RJ3WXXA6PRWC1GTMAZ8X,17.91809,1431814,2020-08-18 10:05:11 UTC,,,
0EH054WXN4N02EBPWRJV03W8YA,18.26434,1431814,2020-08-18 10:05:25 UTC,,,
0EH05515H6P4KAMP96Z277EC4A,17.80264,1431814,2020-08-18 10:05:39 UTC,,,
0EH0555NXQYDQ2HPCKTY1BTK61,18.09122,1431814,2020-08-18 10:05:54 UTC,,,
0EH0559VXP684CRVPGM6N4BW77,18.26434,1431814,2020-08-18 10:06:07 UTC,,,
0EH055EHMQNP8HKXPTH5ZJEFHE,18.33356,1431814,2020-08-18 10:06:23 UTC,,,
0EH055JNS5FY4NGDBYNWNKC3P9,18.26434,1431814,2020-08-18 10:06:36 UTC,,,
0EH055PSM4RB2HZHJQPEPEJEJQ,18.26434,1431814,2020-08-18 10:06:50 UTC,,,
0EH055V3PVCJ9YET12D391TAZ2,18.33356,1431814,2020-08-18 10:07:04 UTC,,,
0EH055ZKJFP8XG4SFTS9NWV6B0,18.33356,1431814,2020-08-18 10:07:19 UTC,,,
0EH0563SN10AW8BHE08JRQ7SAB,18.26434,1431814,2020-08-18 10:07:32 UTC,,,
0EH0567ZJ2W4RYGHNP0BM2W00W,18.09122,1431814,2020-08-18 10:07:46 UTC,,,
0EH056CAFMHX04C9VW8103RPDE,18.26434,1431814,2020-08-18 10:08:00 UTC,,,
0EH056GRTNQ7PK7PGEFG8TXS6Y,18.26434,1431814,2020-08-18 10:08:15 UTC,,,
0EH056N1QSSXKWPYKR4PY4W49R,18.26434,1431814,2020-08-18 10:08:29 UTC,,,
0EH056SBMJEEBCXQN4GCAS9HYE,18.09122,1431814,2020-08-18 10:08:43 UTC,,,
0EH056XQDC6M8FQD8622CBGGE8,18.26434,1431814,2020-08-18 10:08:57 UTC,,,
0EH0571ZQ6PNGG2H1X380DSYPK,18.09122,1431814,2020-08-18 10:09:11 UTC,,,
0EH05769MT069TY5Q9DVJ835TC,18.33356,1431814,2020-08-18 10:09:25 UTC,,,
0EH057AKJ14B8FE8NM608HG2DF,18.33356,1431814,2020-08-18 10:09:40 UTC,,,
0EH057EXM868DFXEY73DBFT93B,18.33356,1431814,2020-08-18 10:09:54 UTC,,,
0EH057KATVM0YM19S2B364HDFE,18.26434,1431814,2020-08-18 10:10:08 UTC,,,
0EH057QNC706B92YP7HZRZZCGB,18.26434,1431814,2020-08-18 10:10:22 UTC,,,
0EH057VXWGVAVR9Y7TJKAQC95R,18.26434,1431814,2020-08-18 10:10:36 UTC,,,
0EH058080NRHGHT2YME9BMQ9Q2,17.91809,1431814,2020-08-18 10:10:51 UTC,,,
0EH0584M7TW08WJ6AHCB10GJT5,17.91809,1431814,2020-08-18 10:11:05 UTC,,,
0EH0588VPPPNC9Q4E4MCGE3XQN,18.26434,1431814,2020-08-18 10:11:19 UTC,,,
0EH058D9Q0QT4E7QZYAD2V4M1P,18.33356,1431814,2020-08-18 10:11:33 UTC,,,
0EH058HHMFR22GF5AQ0Q3C3P24,18.09122,1431814,2020-08-18 10:11:47 UTC,,,
0EH058NVRDB783V4EW8FRXYV3Q,18.09122,1431814,2020-08-18 10:12:01 UTC,,,
0EH058T5GETF1RV0GTFWD7R4MG,17.91809,1431814,2020-08-18 10:12:15 UTC,,,
0EH058YJ87C9Y1EC1NHZAVK98Y,18.09122,1431814,2020-08-18 10:12:30 UTC,,,
0EH0592SRK8RK9KMJB3553M86X,17.80264,1431814,2020-08-18 10:12:44 UTC,,,
0EH05977M9E2PR6A4Z5DDQHEKB,17.80264,1431814,2020-08-18 10:12:58 UTC,,,
0EH059BFKEEVWBXZT6KNDGN8HX,17.80264,1431814,2020-08-18 10:13:12 UTC,,,
0EH059FTFSQV0S79Z1MQJXGZK2,17.91809,1431814,2020-08-18 10:13:26 UTC,,,
0EH059M5HB2EXN7WPBTZRP6W0A,17.91809,1431814,2020-08-18 10:13:41 UTC,,,
0EH059RDRRD119DRA8KXV5RM0Q,17.6872,1431814,2020-08-18 10:13:55 UTC,,,
0EH059WSEBPKNK9K98W5ZBA5M6,17.80264,1431814,2020-08-18 10:14:09 UTC,,,
0EH05A11QYAGFVT9GN0X9B4S2G,17.80264,1431814,2020-08-18 10:14:23 UTC,,,
0EH05A5BN13D16CBRVZ1T7BBDZ,17.6872,1431814,2020-08-18 10:14:37 UTC,,,
0EH05A9NQ18BSHCHKJAHV1PQKH,17.80264,1431814,2020-08-18 10:14:51 UTC,,,
0EH05AE1YBPMXZM5NC9615CNVJ,18.26434,1431814,2020-08-18 10:15:05 UTC,,,
0EH05AJE7GGG33GPVNCTSV2XER,18.09122,1431814,2020-08-18 10:15:20 UTC,,,
0EH05APQSWMZXRH6FDWFPDK4VK,18.26434,1431814,2020-08-18 10:15:34 UTC,,,
0EH05AV1N50WB222YZ73CRJTZ4,17.80264,1431814,2020-08-18 10:15:48 UTC,,,
0EH05AZDRPFMAPWE7P0M0GFCQN,18.26434,1431814,2020-08-18 10:16:02 UTC,,,
0EH05B3NPENPNW34GNHB68Z5S8,17.57175,1431814,2020-08-18 10:16:16 UTC,,,
0EH05B81KJ23GNEW056RPT7W85,17.57175,1431814,2020-08-18 10:16:31 UTC,,,
0EH05BCBJV7GJ6V9263XXQ4FQX,17.6872,1431814,2020-08-18 10:16:45 UTC,,,
0EH05BGRS50GWZ7RBRS55QWTM8,17.57175,1431814,2020-08-18 10:16:59 UTC,,,
0EH05BN2QA12FTJY4HHXRGCVGM,17.57175,1431814,2020-08-18 10:17:13 UTC,,,
0EH05BS9XNZ4PHWSZCTAP5395H,17.80264,1431814,2020-08-18 10:17:27 UTC,,,
0EH05BXKM83M74NX71P59CGTCT,17.6872,1431814,2020-08-18 10:17:41 UTC,,,
0EH05C1ZP379V0ZEAHY468B7XA,17.3985,1431814,2020-08-18 10:17:56 UTC,,,
0EH05C68K2G7WGWTMAF4S6SB5J,17.6872,1431814,2020-08-18 10:18:10 UTC,,,
0EH05CAJXCS37FAK2M37ETAAY4,18.09122,1431814,2020-08-18 10:18:24 UTC,,,
0EH05CEXRY0N2G7BCZYJZZNCTQ,17.6872,1431814,2020-08-18 10:18:38 UTC,,,
0EH05CK7M0VZD44VK1SVWS522V,17.48511,1431814,2020-08-18 10:18:52 UTC,,,
0EH05CQKKCX74YHRAVVVH307B3,17.6872,1431814,2020-08-18 10:19:06 UTC,,,
0EH05CW0WNVTBB74S2SNSNG49H,17.80264,1431814,2020-08-18 10:19:21 UTC,,,
0EH05D081G4JS6N29QGMDVRFVA,17.6872,1431814,2020-08-18 10:19:35 UTC,,,
0EH05D4HNS5DBHJPF6T2TGE3M0,17.48511,1431814,2020-08-18 10:19:49 UTC,,,
0EH05D8VJA4KJ50SHY89VS22F4,17.80264,1431814,2020-08-18 10:20:03 UTC,,,
0EH05DD5KVF41P9D2W5X9817HJ,17.57175,1431814,2020-08-18 10:20:17 UTC,,,
0EH05DHG5F47131S49YNBJYF5B,17.91809,1431814,2020-08-18 10:20:31 UTC,,,
0EH05DNSKWN48PVA0Q8517H5J6,17.3985,1431814,2020-08-18 10:20:45 UTC,,,
0EH05DT6WQ0KAPP776VWWGFFKG,17.57175,1431814,2020-08-18 10:21:00 UTC,,,
0EH05DYHP9A1414YJ5YZFW56V7,17.48511,1431814,2020-08-18 10:21:14 UTC,,,
0EH05E2TP887YSK34B5FP8752B,17.48511,1431814,2020-08-18 10:21:28 UTC,,,
0EH05E75JJE0Y5T9ZJ30CHSR42,17.48511,1431814,2020-08-18 10:21:42 UTC,,,
0EH05EBDKBRFKAN563FNC3112Y,17.48511,1431814,2020-08-18 10:21:56 UTC,,,
0EH05EFSVB0FABS8KT5MXJ5H21,17.48511,1431814,2020-08-18 10:22:11 UTC,,,
0EH05EM1XHA2JRN8KRNNKAP7BS,17.48511,1431814,2020-08-18 10:22:25 UTC,,,
0EH05ERENSHJJ5Q5RJ831QZ2QV,17.57175,1431814,2020-08-18 10:22:39 UTC,,,
0EH05EWSG3X2W6VF9K6WRQ6NF1,17.10965,1431814,2020-08-18 10:22:53 UTC,,,
0EH05F116NJ85BFH0JBP03DEJF,17.48511,1431814,2020-08-18 10:23:07 UTC,,,
0EH05F5BKQ3898YAD4JC470CTW,17.22522,1431814,2020-08-18 10:23:21 UTC,,,
0EH05F9S6WMVWZB89GS76TMCN2,17.31186,1431814,2020-08-18 10:23:36 UTC,,,
0EH05FE3G319SVDE2CYVESEJD4,17.3985,1431814,2020-08-18 10:23:50 UTC,,,
0EH05FJBSJXT3XWRJXF1WGMXJ6,17.48511,1431814,2020-08-18 10:24:04 UTC,,,
0EH05FPRHJQ2WSSW0JX17EVYE0,17.31186,1431814,2020-08-18 10:24:18 UTC,,,
0EH05FV2XM79J2E1MCZ17QD6R2,17.3985,1431814,2020-08-18 10:24:32 UTC,,,
0EH05FZ9FP0BCH6C8A5T5CA6EE,17.48511,1431814,2020-08-18 10:24:46 UTC,,,
0EH05G3Q267Q41Q8T6T42J5PXV,17.31186,1431814,2020-08-18 10:25:01 UTC,,,
0EH05G80D8BGMMS17CV1JNR7VB,17.3985,1431814,2020-08-18 10:25:15 UTC,,,
0EH05GC7HR5FNGBV6QFWZ73QKN,17.48511,1431814,2020-08-18 10:25:29 UTC,,,
0EH05GGN2XEHX7YN00KEQ1VCWR,17.3985,1431814,2020-08-18 10:25:43 UTC,,,
0EH05GMZBNY8T7B7X87FNVK3V1,17.22522,1431814,2020-08-18 10:25:57 UTC,,,
0EH05GS7MKTQHSZ6QN5VWMD3X6,17.3985,1431814,2020-08-18 10:26:11 UTC,,,
0EH05GXRS2JT2H7DATJG38N44H,17.3985,1431814,2020-08-18 10:26:26 UTC,,,
0EH05H1YWN8KY7ABQHJY6NN429,17.48511,1431814,2020-08-18 10:26:40 UTC,,,
0EH05H67N7XWPX6F9AT2QAB31F,17.57175,1431814,2020-08-18 10:26:54 UTC,,,
0EH05HAHSXSSYV7T6MY269C7BG,17.3985,1431814,2020-08-18 10:27:08 UTC,,,
0EH05HEXTJDPCRAVTP8Y3G5PQ9,17.3985,1431814,2020-08-18 10:27:22 UTC,,,
0EH05HK5MWEV0XFRYK2WGACMF7,17.31186,1431814,2020-08-18 10:27:36 UTC,,,
0EH05HQGMHN32CT7X1G1PC185Z,17.3985,1431814,2020-08-18 10:27:50 UTC,,,
0EH05HVSVSM0M8EFQ4NJEJX3XS,17.31186,1431814,2020-08-18 10:28:05 UTC,,,
0EH05J03M8TDH656J6PXZPBY0X,17.31186,1431814,2020-08-18 10:28:19 UTC,,,
0EH05J4FYAH44WRZ9M3RPQZWHV,17.31186,1431814,2020-08-18 10:28:33 UTC,,,
0EH05J8VEMAF05TT4ETQV9E8BJ,17.48511,1431814,2020-08-18 10:28:47 UTC,,,
0EH05JD42BEN5PPX6F5DHPKB8B,17.31186,1431814,2020-08-18 10:29:01 UTC,,,
0EH05JHE2J061X7HR75K06DRA1,17.3985,1431814,2020-08-18 10:29:15 UTC,,,
0EH05JNR0Y66K8GQ0C8WW9Y22N,17.10965,1431814,2020-08-18 10:29:30 UTC,,,
0EH05JT1WX652VK4VYKJT6QGGM,17.10965,1431814,2020-08-18 10:29:44 UTC,,,
0EH05JYDMGPGCT9T7TBZ4WP7AG,17.10965,1431814,2020-08-18 10:29:58 UTC,,,
0EH05K2NT1SRYCAY5WD7ZXNHWV,17.31186,1431814,2020-08-18 10:30:12 UTC,,,
0EH05K71NPXH88RDFNJ8R3AZ5R,15.33923,1431814,2020-08-18 10:30:26 UTC,,,
0EH05KBBK5V09RHQ4R64TN0WH3,17.22522,1431814,2020-08-18 10:30:40 UTC,,,
0EH05KFNJ54D35W506A8RY2YQ1,17.31186,1431814,2020-08-18 10:30:54 UTC,,,
0EH05KKZJX9HX13NK25YY0817Q,17.31186,1431814,2020-08-18 10:31:09 UTC,,,
0EH05KRERZH4RA3YWYTNT67C53,17.31186,1431814,2020-08-18 10:31:23 UTC,,,
0EH05KWNNQ9FCQF94YG5SBTZT4,17.3985,1431814,2020-08-18 10:31:37 UTC,,,
0EH05M0ZNXDYB0WDJEDRKQCQ5B,17.22522,1431814,2020-08-18 10:31:51 UTC,,,
0EH05M59KF3JXF1FYB3STWZVAV,17.31186,1431814,2020-08-18 10:32:05 UTC,,,
0EH05M9NZQDPEX8KM58F14TVP3,17.10965,1431814,2020-08-18 10:32:20 UTC,,,
0EH05MDXHV454JHQ6F96B1DVVA,17.22522,1431814,2020-08-18 10:32:34 UTC,,,
0EH05MJAZKJA64PEG0JJEKTEMA,17.31186,1431814,2020-08-18 10:32:48 UTC,,,
0EH05MPHV4GMF1VAW47MB3VKPF,17.22522,1431814,2020-08-18 10:33:02 UTC,,,
0EH05MTYX19FS7GK0V59YRYYSD,17.22522,1431814,2020-08-18 10:33:16 UTC,,,
0EH05MZ7KECGGKJXJN43EN4SNX,17.10965,1431814,2020-08-18 10:33:30 UTC,,,
0EH05N3HN24MXY8MHVGCEQSFM7,17.31186,1431814,2020-08-18 10:33:44 UTC,,,
0EH05N7WHCC2F0YRQ7FK81D71Q,17.22522,1431814,2020-08-18 10:33:59 UTC,,,
0EH05NC6PDHJZESRF3VQEV40XS,17.31186,1431814,2020-08-18 10:34:13 UTC,,,
0EH05NGHD0JH16A95W6829JVGJ,17.31186,1431814,2020-08-18 10:34:27 UTC,,,
0EH05NMSN5N0MM178GP3VB8H0W,19.99527,1431814,2020-08-18 10:34:41 UTC,,,
0EH05NS5WQTFW5STKGKN3PAQ2Y,19.53357,1431814,2020-08-18 10:34:55 UTC,,,
0EH05NXDNFV6AZXZ7SSGXFM3TB,19.99527,1431814,2020-08-18 10:35:09 UTC,,,
0EH05P1SM5DT97MKVN4FDS5AR3,19.53357,1431814,2020-08-18 10:35:24 UTC,,,
0EH05P65HFGWMZZ2NJ69QTHDX6,19.41815,1431814,2020-08-18 10:35:38 UTC,,,
0EH05PADKCBKGVQJMBQ9HMXG2K,19.59131,1431814,2020-08-18 10:35:52 UTC,,,
0EH05PEQQS2D8AJSYFG7V0P2WS,19.47586,1431814,2020-08-18 10:36:06 UTC,,,
0EH05PK3XP07A8Z5Y9GAWKFN93,19.53357,1431814,2020-08-18 10:36:20 UTC,,,
0EH05PQEPFZ03GGTE85FXX4J2G,19.53357,1431814,2020-08-18 10:36:35 UTC,,,
0EH05PVQMB3JYJB6DHKZ5XWGEB,19.47586,1431814,2020-08-18 10:36:49 UTC,,,
0EH05Q03RAGX9RFMTZ5W4DK5C5,19.59131,1431814,2020-08-18 10:37:03 UTC,,,
0EH05Q4BMDAP3Q3MWWH3P2FBHX,19.30276,1431814,2020-08-18 10:37:17 UTC,,,
0EH05Q8NJ4ZA3SN69WD8F35KR3,19.47586,1431814,2020-08-18 10:37:31 UTC,,,
0EH05QCZNHE6NC6F19S7HGYM6F,19.30276,1431814,2020-08-18 10:37:45 UTC,,,
0EH05QHDFYCFW9GF3FP9D9NKQG,19.36047,1431814,2020-08-18 10:38:00 UTC,,,
0EH05QNQWQ05XD2N5D81APQAZ0,19.41815,1431814,2020-08-18 10:38:14 UTC,,,
0EH05QSZNTRZAZ2V4SY4S125WT,19.47586,1431814,2020-08-18 10:38:28 UTC,,,
0EH05QYC3C61NWR20C28J93SQP,19.30276,1431814,2020-08-18 10:38:42 UTC,,,
0EH05R2KHDMWJMCPCZ2FDDNB51,19.36047,1431814,2020-08-18 10:38:56 UTC,,,
0EH05R713DVNQV0VEAMY3D3QXC,19.41815,1431814,2020-08-18 10:39:10 UTC,,,
0EH05RBANGBV03RGKY6JHD7EXS,19.41815,1431814,2020-08-18 10:39:25 UTC,,,
0EH05RFKQDCP792K91JEYVDRSV,19.36047,1431814,2020-08-18 10:39:39 UTC,,,
0EH05RM11BBGVRMDHG7FGWZJ3Y,19.30276,1431814,2020-08-18 10:39:53 UTC,,,
0EH05RR7Q5EE85QMPRY9VBTGDS,19.18738,1431814,2020-08-18 10:40:07 UTC,,,
0EH05RWMKYJV96YXTH1J6020T5,19.36047,1431814,2020-08-18 10:40:21 UTC,,,
0EH05S0WMZ0GWY3Z0JSAB6ZBVF,19.36047,1431814,2020-08-18 10:40:35 UTC,,,
0EH05S59KM63F0BSGB8924XVZR,19.30276,1431814,2020-08-18 10:40:50 UTC,,,
0EH05S9HYPXN1E6Z4RYWDNN7MH,19.36047,1431814,2020-08-18 10:41:04 UTC,,,
0EH05SDVPZT3A6MRJHQGFHXREZ,19.30276,1431814,2020-08-18 10:41:18 UTC,,,
0EH05SJ5MN4171FPD92NHQP69G,19.30276,1431814,2020-08-18 10:41:32 UTC,,,
0EH05SPKKD27D50RR5VN6G8T4N,19.30276,1431814,2020-08-18 10:41:46 UTC,,,
0EH05STVPFEB2NNT34Y6D46EVE,19.30276,1431814,2020-08-18 10:42:00 UTC,,,
0EH05SZ7BSRREHP9X18M9W78CF,18.9566,1431814,2020-08-18 10:42:15 UTC,,,
0EH05T3FPMT45NS1X5Q9G7FHZX,19.30276,1431814,2020-08-18 10:42:29 UTC,,,
0EH05T7WEH8CQGG2N8YNZDM1ND,19.30276,1431814,2020-08-18 10:42:43 UTC,,,
0EH05TC3MT1R4EF65NRN7HM7TE,19.18738,1431814,2020-08-18 10:42:57 UTC,,,
0EH05TGDKPP7BQV5B57PC1MGZR,19.30276,1431814,2020-08-18 10:43:11 UTC,,,
0EH05TMSKNKNBR51P5YVCEJ2YA,19.18738,1431814,2020-08-18 10:43:25 UTC,,,
0EH05TS3NC7X4P4PDY4E7A9XTA,18.87009,1431814,2020-08-18 10:43:39 UTC,,,
0EH05TXDQ5NZN36CT0R2VRYW5X,19.18738,1431814,2020-08-18 10:43:54 UTC,,,
0EH05V1QKR9N79G6WFQFEA9D9V,19.07199,1431814,2020-08-18 10:44:08 UTC,,,
0EH05V61NTTVJZ5Y5ME10BNEKR,19.30276,1431814,2020-08-18 10:44:22 UTC,,,
0EH05VABZ2629BM5KJSBYYCW1C,19.41815,1431814,2020-08-18 10:44:36 UTC,,,
0EH05VESFM5G5PRT88B1JNAA0G,18.9566,1431814,2020-08-18 10:44:50 UTC,,,
0EH05VK30XJYBHJVY8ZZMJZ83Q,19.07199,1431814,2020-08-18 10:45:05 UTC,,,
0EH05VQBS1MDTN5GTHRN2Z95Q8,19.18738,1431814,2020-08-18 10:45:19 UTC,,,
0EH05VVNPR4PKTZM3CEK7JSHCA,19.07199,1431814,2020-08-18 10:45:33 UTC,,,
0EH05VZZV4ZWWHNYW3Q66XJWJS,18.9566,1431814,2020-08-18 10:45:47 UTC,,,
0EH05W49VKT18X1RZH67TFNGVB,18.9566,1431814,2020-08-18 10:46:01 UTC,,,
0EH05W8PNE5BDM8DJV2JEDRE4W,18.9566,1431814,2020-08-18 10:46:15 UTC,,,
0EH05WCZ08RC3YGY4G59AYFXMK,18.78357,1431814,2020-08-18 10:46:29 UTC,,,
0EH05WH9HKXQAKPCM01KDJ6VJS,18.87009,1431814,2020-08-18 10:46:44 UTC,,,
0EH05WNP1VZ410Y392GMNRZHX8,18.87009,1431814,2020-08-18 10:46:58 UTC,,,
0EH05WSZJY19P8EDV09NGRV85F,18.87009,1431814,2020-08-18 10:47:12 UTC,,,
0EH05WY9NXHQTQ4EB2XB9692H2,18.9566,1431814,2020-08-18 10:47:26 UTC,,,
0EH05X2Q2YN5AXPDCG0BQD2DCQ,18.87009,1431814,2020-08-18 10:47:41 UTC,,,
0EH05X71CD25EVRQYQV0V2P3HN,18.9566,1431814,2020-08-18 10:47:55 UTC,,,
0EH05XB9JF9PF2ZVN4XC4XDH56,18.87009,1431814,2020-08-18 10:48:09 UTC,,,
0EH05XFKJHMB9AQW30Q743S67X,18.78357,1431814,2020-08-18 10:48:23 UTC,,,
0EH05XM1RBFDGH4E315S6DC1DT,18.87009,1431814,2020-08-18 10:48:37 UTC,,,
0EH05XR9K40ZPXREWMJ4RC4R5V,18.69702,1431814,2020-08-18 10:48:51 UTC,,,
0EH05XWKR56DYV5EX4XM6MB048,18.78357,1431814,2020-08-18 10:49:05 UTC,,,
0EH05Y0XP66W12FVZVYVH7S3SH,18.87009,1431814,2020-08-18 10:49:20 UTC,,,
0EH05Y5AHTEQ9D58Q8J1FP9QJR,18.87009,1431814,2020-08-18 10:49:34 UTC,,,
0EH05Y9HNTQAXK9CW9EH4Q6JPB,18.87009,1431814,2020-08-18 10:49:48 UTC,,,
0EH05YDVHY5E7VA14QF9Z07N3B,18.69702,1431814,2020-08-18 10:50:02 UTC,,,
0EH05YJ97CZCGW4JK4T2SX13HD,18.9566,1431814,2020-08-18 10:50:16 UTC,,,
0EH05YPHQKGM3M6G1NJGCYJGE8,18.61051,1431814,2020-08-18 10:50:30 UTC,,,
0EH05YTVRZTPKMMSJY8ZX6V63D,18.69702,1431814,2020-08-18 10:50:45 UTC,,,
0EH05YZ8KMPFASS7MNGJBWN71N,18.69702,1431814,2020-08-18 10:50:59 UTC,,,
0EH05Z3HVTZ7CJTNQNT2CAJVM1,18.69702,1431814,2020-08-18 10:51:13 UTC,,,
0EH05Z7SNC59QQ5755W894YZV3,18.69702,1431814,2020-08-18 10:51:27 UTC,,,
0EH05ZC6D6X9JK3GX3XWYRAVW4,18.69702,1431814,2020-08-18 10:51:41 UTC,,,
0EH05ZGFJFC4FHSK5Y8GF4CD6N,18.69702,1431814,2020-08-18 10:51:55 UTC,,,
0EH05ZMSMQSK9KYD7489164WE5,18.87009,1431814,2020-08-18 10:52:10 UTC,,,
0EH05ZS3N22APGY00Y7K0XGSM1,18.9566,1431814,2020-08-18 10:52:24 UTC,,,
0EH05ZXDGHNAQVWVRNG3ZBX3NF,18.69702,1431814,2020-08-18 10:52:38 UTC,,,
0EH0601QKN4N3TZNHJ4BMXZ5VH,18.61051,1431814,2020-08-18 10:52:52 UTC,,,
0EH06065H70KW2XWKKG5WTWSP5,18.61051,1431814,2020-08-18 10:53:06 UTC,,,
0EH060AE5MNX3S64C9BTFFAXZV,18.54126,1431814,2020-08-18 10:53:20 UTC,,,
0EH060EPRCRB61QP9BXAMPQXXV,19.30276,1431814,2020-08-18 10:53:34 UTC,,,
0EH060K1M4Q2Y2A5PVY320ZSK6,18.54126,1431814,2020-08-18 10:53:49 UTC,,,
0EH060QBRKT0RT73CRGHQRVRJ7,18.54126,1431814,2020-08-18 10:54:03 UTC,,,
0EH060VS9PCAJYNH398T1T3TVF,18.54126,1431814,2020-08-18 10:54:17 UTC,,,
0EH06101NRXJ9CYCKR2SKVB0GE,18.69702,1431814,2020-08-18 10:54:31 UTC,,,
0EH0614BQ7A2FJD896X18N5TFE,18.61051,1431814,2020-08-18 10:54:45 UTC,,,
0EH0618P0BKFQW40225J6A6JTY,18.54126,1431814,2020-08-18 10:55:00 UTC,,,
0EH061CZJSZHZWX7A6AQRY7PRY,18.87009,1431814,2020-08-18 10:55:14 UTC,,,
0EH061HBS60KWN0SJZZ4CYNF4Q,19.07199,1431814,2020-08-18 10:55:28 UTC,,,
0EH061NPS59K3WBT02Z5MV064H,18.69702,1431814,2020-08-18 10:55:42 UTC,,,
0EH061SZN3SKP1RGGZ9BW77T07,18.47202,1431814,2020-08-18 10:55:56 UTC,,,
0EH061Y9JW2KE9YK8PX5HPGACR,18.61051,1431814,2020-08-18 10:56:10 UTC,,,
0EH0622M3PQPV57R2D3AHEYRNS,18.54126,1431814,2020-08-18 10:56:25 UTC,,,
0EH06270R30QFAJW81YFR9GMGJ,18.26434,1431814,2020-08-18 10:56:39 UTC,,,
0EH062BAWW23F1BTHP7JD4EHD3,18.47202,1431814,2020-08-18 10:56:53 UTC,,,
0EH062FJ4RX1TXFVVX59VYWJVY,18.54126,1431814,2020-08-18 10:57:07 UTC,,,
0EH062KVNJG9BJRB6AE7X20YZR,18.47202,1431814,2020-08-18 10:57:21 UTC,,,
0EH062R969WRJ2HXN2252MP01G,18.47202,1431814,2020-08-18 10:57:36 UTC,,,
0EH062WHRGTCYM1NJJT75V34TE,18.4028,1431814,2020-08-18 10:57:50 UTC,,,
0EH0630SN2JNA42RNWWBAJHPGD,18.47202,1431814,2020-08-18 10:58:03 UTC,,,
0EH063561S2QY2YE714GVRSEZT,18.4028,1431814,2020-08-18 10:58:18 UTC,,,
0EH0639FX5PKYECYEPP2FG5XG0,18.4028,1431814,2020-08-18 10:58:32 UTC,,,
0EH063DWQQ0MXRGPMXQ5FQ4ZDH,18.33356,1431814,2020-08-18 10:58:46 UTC,,,
0EH063J75WBB9FY592GJMYW76K,18.4028,1431814,2020-08-18 10:59:01 UTC,,,
0EH063PDK0TNRVZNBRM2Z1CXNH,18.47202,1431814,2020-08-18 10:59:14 UTC,,,
0EH063TVQFRCKRXQ1T85BW5B2C,18.4028,1431814,2020-08-18 10:59:29 UTC,,,
0EH063Z4K7SD6K8WHRJ1F81QWV,18.54126,1431814,2020-08-18 10:59:43 UTC,,,
0EH0643DQH9Z78MW92GGQ5DX7P,18.61051,1431814,2020-08-18 10:59:57 UTC,,,
0EH0647TPDJGFFFDQYAS628P0G,18.47202,1431814,2020-08-18 11:00:11 UTC,,,
0EH064C5BFHQM560HQ099NPS80,18.33356,1431814,2020-08-18 11:00:26 UTC,,,
0EH064GCRKYF17T5NJG5YFMTZK,18.33356,1431814,2020-08-18 11:00:39 UTC,,,
0EH064MQQTK7G850JD9HGK18ZJ,18.4028,1431814,2020-08-18 11:00:54 UTC,,,
0EH064S1QTG2HBFF8P2B1T3XE3,18.33356,1431814,2020-08-18 11:01:08 UTC,,,
0EH064XDBTBDDP97BPRHZZR0M6,18.4028,1431814,2020-08-18 11:01:22 UTC,,,
0EH0651NJSEZRHS0HXHPGC9DSB,18.4028,1431814,2020-08-18 11:01:36 UTC,,,
0EH0655ZMHV83YQWFA22A8Y66Z,18.4028,1431814,2020-08-18 11:01:50 UTC,,,
0EH065A9V5HDJSKZFMWRV19R6R,18.26434,1431814,2020-08-18 11:02:04 UTC,,,
0EH065EKRS1P513MMNT3QYKY55,18.33356,1431814,2020-08-18 11:02:18 UTC,,,
0EH065JYNVN8VPCFT44XK1SY3E,17.80264,1431814,2020-08-18 11:02:33 UTC,,,
0EH065Q9J1C78ZJYK1CBRSZHXQ,17.6872,1431814,2020-08-18 11:02:47 UTC,,,
0EH065VVR7QAPQTDSE8A3CQ8PA,17.80264,1431814,2020-08-18 11:03:02 UTC,,,
0EH065ZXQXZPJTH0JEYEYW6ANM,17.6872,1431814,2020-08-18 11:03:15 UTC,,,
0EH0664NX0WTJ45422GV690GEE,17.80264,1431814,2020-08-18 11:03:31 UTC,,,
0EH0668KWRCGTVCSHZKPJZA7BV,17.6872,1431814,2020-08-18 11:03:44 UTC,,,
0EH066CVPJM09JK762Z3XBCPN9,17.57175,1431814,2020-08-18 11:03:58 UTC,,,
0EH066H7M7536SNMC1TBP3JV5Y,17.48511,1431814,2020-08-18 11:04:12 UTC,,,
0EH066NFJ2DRYB0ZT983JW0VJ6,17.6872,1431814,2020-08-18 11:04:26 UTC,,,
0EH066SZNAN813VB63MB8K4KZ4,17.22522,1431814,2020-08-18 11:04:41 UTC,,,
0EH066Y53Q3QDSSRQ38XP252J7,17.22522,1431814,2020-08-18 11:04:54 UTC,,,
0EH0672F0TCY36RSX44BB1N9QX,17.3985,1431814,2020-08-18 11:05:08 UTC,,,
0EH0677B8FMKY9RDGSEX72CC83,17.3985,1431814,2020-08-18 11:05:24 UTC,,,
0EH067B3P34XVN5ZWC84A7QEME,17.31186,1431814,2020-08-18 11:05:37 UTC,,,
0EH067FEA9TP6CRDPVQRTHN9CZ,17.48511,1431814,2020-08-18 11:05:51 UTC,,,
0EH067KSY5R22YJWXWW0ZZNM89,17.6872,1431814,2020-08-18 11:06:05 UTC,,,
0EH067R5SY42C90NYKMTVZDD4Z,17.10965,1431814,2020-08-18 11:06:20 UTC,,,
0EH067WGCK854HJYBSKBBZW4C2,17.22522,1431814,2020-08-18 11:06:34 UTC,,,
0EH0680TDHRQS0MPRFZM7TGZ1V,17.10965,1431814,2020-08-18 11:06:48 UTC,,,
0EH06859C1RFZ82ZBPGM8EGMCY,17.10965,1431814,2020-08-18 11:07:02 UTC,,,
0EH0689H2DDQFCJG5FGYW4XD78,17.22522,1431814,2020-08-18 11:07:16 UTC,,,
0EH068DQZ9A77H4RA8F9B24GS1,17.22522,1431814,2020-08-18 11:07:30 UTC,,,
0EH068J4F4G0BBQWQ9TN14YCAW,16.99405,1431814,2020-08-18 11:07:45 UTC,,,
0EH068PC06BBYPS714FHRK1AED,17.22522,1431814,2020-08-18 11:07:58 UTC,,,
0EH068TQK8TTDNFAXTZXGPC7V3,16.99405,1431814,2020-08-18 11:08:13 UTC,,,
0EH068YZXD5ZC6AWYXNFJMACMA,17.22522,1431814,2020-08-18 11:08:27 UTC,,,
0EH0693B3ASZ5B39Z4RB5GMQQ2,17.22522,1431814,2020-08-18 11:08:41 UTC,,,
0EH0697QQQXSNHD2VG3X9BRB62,16.87848,1431814,2020-08-18 11:08:55 UTC,,,
0EH069C1P55FG0DQG89KXZK7FN,17.10965,1431814,2020-08-18 11:09:09 UTC,,,
0EH069GENH8MEMMCXZP1WFGFCH,16.99405,1431814,2020-08-18 11:09:24 UTC,,,
0EH069MRXNAFB3W7879EGQEBZ1,16.87848,1431814,2020-08-18 11:09:38 UTC,,,
0EH069RW0ST4BDX6Z1GGD2V0XM,16.87848,1431814,2020-08-18 11:09:52 UTC,,,
0EH069X8NA59V17GM798F3C1F1,16.46204,1431814,2020-08-18 11:10:06 UTC,,,
0EH06A1PJWWCDX1C52ZNNM2QDE,17.10965,1431814,2020-08-18 11:10:20 UTC,,,
0EH06A61V90KHHKHWVDMCG80X9,16.76285,1431814,2020-08-18 11:10:35 UTC,,,
0EH06AA7M10K5DJJEE3C4Y37HB,16.87848,1431814,2020-08-18 11:10:48 UTC,,,
0EH06AEKHCT6YTRPE54YAEKMYW,16.99405,1431814,2020-08-18 11:11:03 UTC,,,
0EH06AJVXKD7QAMM5E7GEKEG29,16.76285,1431814,2020-08-18 11:11:17 UTC,,,
0EH06AQDVDJW85Y2E6TDVA2FE2,16.87848,1431814,2020-08-18 11:11:32 UTC,,,
0EH06AVHKCSGFTZ5S6ZK1BPQEF,16.64719,1431814,2020-08-18 11:11:45 UTC,,,
0EH06AZZQ949AW19RA6JKA9KN8,16.87848,1431814,2020-08-18 11:12:00 UTC,,,
0EH06B45V2VRQ5Z5KQ18AVZJP4,16.64719,1431814,2020-08-18 11:12:13 UTC,,,
0EH06B8FSDFYX37E9SQKJH29G6,16.39261,1431814,2020-08-18 11:12:28 UTC,,,
0EH06BCSS88PE4QXXEZ98VK06C,16.76285,1431814,2020-08-18 11:12:42 UTC,,,
0EH06BH5XGM11D1JBNFZ0YMRC1,16.76285,1431814,2020-08-18 11:12:56 UTC,,,
0EH06BNHWQW29B44WK3E14644B,16.87848,1431814,2020-08-18 11:13:10 UTC,,,
0EH06BSWX73Q99YQ9VZ006QE4D,16.64719,1431814,2020-08-18 11:13:25 UTC,,,
0EH06BY418X961T1H9G1S45B95,16.76285,1431814,2020-08-18 11:13:38 UTC,,,
0EH06C2FPJP3JJSJTXTRF93EEW,16.76285,1431814,2020-08-18 11:13:53 UTC,,,
0EH06C6VX668C20VHKDVSERNRS,16.76285,1431814,2020-08-18 11:14:07 UTC,,,
0EH06CB1THA1MG8DE7W5G3384X,16.5315,1431814,2020-08-18 11:14:21 UTC,,,
0EH06CFCXHTDP248Q50PFCFRPB,16.64719,1431814,2020-08-18 11:14:35 UTC,,,
0EH06CKPXP9G73A5N6R5VDSJNK,16.46204,1431814,2020-08-18 11:14:49 UTC,,,
0EH06CQZK27MW00S2889Z978RC,16.76285,1431814,2020-08-18 11:15:03 UTC,,,
0EH06CWFZ153R2DHVEP4Z7VKW4,16.76285,1431814,2020-08-18 11:15:18 UTC,,,
0EH06D0QWB92X34T0FM4KEZES9,16.76285,1431814,2020-08-18 11:15:32 UTC,,,
0EH06D4ZPHK9BE622H3NRBXG3S,16.5315,1431814,2020-08-18 11:15:46 UTC,,,
0EH06D9AFF8B4N3TTH2YR8WZ12,16.64719,1431814,2020-08-18 11:16:00 UTC,,,
0EH06DDSQ8PKREZZ2GP5S1WGNW,16.64719,1431814,2020-08-18 11:16:15 UTC,,,
0EH06DHXR8DM1CX0XTF1SPDQ16,16.76285,1431814,2020-08-18 11:16:28 UTC,,,
0EH06DPDRN90FKZ3W363SS1G5W,16.64719,1431814,2020-08-18 11:16:43 UTC,,,
0EH06DTP20E607N2M4NXPRKZZZ,16.76285,1431814,2020-08-18 11:16:57 UTC,,,
0EH06DZ7W3R272MR26FABEQHKR,16.87848,1431814,2020-08-18 11:17:12 UTC,,,
0EH06E3DN8QN21YKSJG6D7V387,16.5315,1431814,2020-08-18 11:17:26 UTC,,,
0EH06E7HY909JVC4S3EH8AKZH2,16.76285,1431814,2020-08-18 11:17:39 UTC,,,
0EH06EBWY68EE428W36BCFZEAD,16.5315,1431814,2020-08-18 11:17:53 UTC,,,
0EH06EG5RFCVHCTF3K3F8F7SEE,16.46204,1431814,2020-08-18 11:18:07 UTC,,,
0EH06EMFS09Z82HP2WS2PD3YT6,16.76285,1431814,2020-08-18 11:18:21 UTC,,,
0EH06ERT14WRYT1CHQJX7A3PZW,16.32315,1431814,2020-08-18 11:18:36 UTC,,,
0EH06EX7MJHW9ES1NWR3J702H6,16.5315,1431814,2020-08-18 11:18:50 UTC,,,
0EH06F1FS9B5JY293K711QGMKB,16.76285,1431814,2020-08-18 11:19:04 UTC,,,
0EH06F5SP3PFZV52YMNEKYTR6A,16.5315,1431814,2020-08-18 11:19:18 UTC,,,
0EH06FA5RHTY5CH0HX9QG7N8PE,16.46204,1431814,2020-08-18 11:19:32 UTC,,,
0EH06FEFPHKA946SF7PTXA7ZQ2,16.32315,1431814,2020-08-18 11:19:47 UTC,,,
0EH06FJRQFFT3N6SBF0KJ5AM4K,16.5315,1431814,2020-08-18 11:20:01 UTC,,,
0EH06FQ3N2PN1ZWF0S94E087S0,16.64719,1431814,2020-08-18 11:20:15 UTC,,,
0EH06FVDZQMD04F3BW3SQYBDHN,16.46204,1431814,2020-08-18 11:20:29 UTC,,,
0EH06FZQRV5TBNWZHVG1R6BH2F,16.5315,1431814,2020-08-18 11:20:43 UTC,,,
0EH06G454Z8W91B0TZA53W7Q1J,16.5315,1431814,2020-08-18 11:20:58 UTC,,,
0EH06G8DNFGXB9FYWM5X9E0PMD,16.46204,1431814,2020-08-18 11:21:12 UTC,,,
0EH06GCQRC44Q74ETWZ10Z77TG,16.39261,1431814,2020-08-18 11:21:26 UTC,,,
0EH06GH1QGAJ93B6AYBR2T8783,16.18421,1431814,2020-08-18 11:21:40 UTC,,,
0EH06GNF8NCR59Z61AJAR761KQ,16.64719,1431814,2020-08-18 11:21:54 UTC,,,
0EH06GSS73D8F1P6DGTMZ211G8,16.18421,1431814,2020-08-18 11:22:08 UTC,,,
0EH06GY3JNCFZNQ1AX0ASC7MXQ,16.5315,1431814,2020-08-18 11:22:23 UTC,,,
0EH06H2BQH92BYVFZ7DE4GAHGF,16.32315,1431814,2020-08-18 11:22:37 UTC,,,
0EH06H6QRJWGD2BH9RQ1ZA0BKS,16.39261,1431814,2020-08-18 11:22:51 UTC,,,
0EH06HAZM35N7WDSVYP4RVK4JR,16.5315,1431814,2020-08-18 11:23:05 UTC,,,
0EH06HFBA17WDAM9BT4XJGCG8V,16.39261,1431814,2020-08-18 11:23:19 UTC,,,
0EH06HKKTKQC9J1YVTJY6CED27,16.39261,1431814,2020-08-18 11:23:33 UTC,,,
0EH06HQXPN9WFT9DAVEXGN4AWP,16.46204,1431814,2020-08-18 11:23:47 UTC,,,
0EH06HW7RDKTPZJXDS5MQVR51Y,16.5315,1431814,2020-08-18 11:24:01 UTC,,,
0EH06J0MN12YR9FE844489KA2E,16.32315,1431814,2020-08-18 11:24:16 UTC,,,
0EH06J4XJWFG6CA5HHQ9NMR828,16.46204,1431814,2020-08-18 11:24:30 UTC,,,
0EH06J95QRKFDJCDGHWMP7E1Y9,16.32315,1431814,2020-08-18 11:24:44 UTC,,,
0EH06JDJ5CJ4YZ77B72C3ETTQ5,16.5315,1431814,2020-08-18 11:24:58 UTC,,,
0EH06JHW557J3QZNZAATBWTB1G,16.39261,1431814,2020-08-18 11:25:12 UTC,,,
0EH06JP6Q4V6VEDA3HTHJ49B0Q,16.39261,1431814,2020-08-18 11:25:26 UTC,,,
0EH06JTJN6YSQRGD2B84XVY6NC,16.46204,1431814,2020-08-18 11:25:41 UTC,,,
0EH06JYY9VN3S9CS7SBSWG0729,16.25369,1431814,2020-08-18 11:25:55 UTC,,,
0EH06K39SSKXYK93BBXFR0FNHA,16.39261,1431814,2020-08-18 11:26:09 UTC,,,
0EH06K7FRBA2612GB7VBG2NBDV,16.39261,1431814,2020-08-18 11:26:23 UTC,,,
0EH06KBX0C0EZN3BQFSB3CGB6H,16.39261,1431814,2020-08-18 11:26:38 UTC,,,
0EH06KG3PBAK1H1HANQ2YFJ0AJ,16.5315,1431814,2020-08-18 11:26:51 UTC,,,
0EH06KMGMJJYK4ZHPB75D1N9G6,16.25369,1431814,2020-08-18 11:27:06 UTC,,,
0EH06KRSMZ5DGHJFGJ7K6FVHN7,16.5315,1431814,2020-08-18 11:27:20 UTC,,,
0EH06KX45MWTB00NXMTPE5PMSW,16.39261,1431814,2020-08-18 11:27:34 UTC,,,
0EH06M1FVBNBWJ0X1H3W67K9W7,16.39261,1431814,2020-08-18 11:27:48 UTC,,,
0EH06M5QQ3HRAKE3SJA1AXWRZQ,16.32315,1431814,2020-08-18 11:28:02 UTC,,,
0EH06MA1WBW43994SVHCYGPT3S,16.39261,1431814,2020-08-18 11:28:16 UTC,,,
0EH06MEBN72KFS879BVZQPCA1F,16.32315,1431814,2020-08-18 11:28:30 UTC,,,
0EH06MJSCQZR7AWNJSJ90NTZEH,16.39261,1431814,2020-08-18 11:28:45 UTC,,,
0EH06MQ30F2XVBPCSSR1GKETFG,16.39261,1431814,2020-08-18 11:28:59 UTC,,,
0EH06MVBV1T17G3SW5DW20MJCP,16.46204,1431814,2020-08-18 11:29:13 UTC,,,
0EH06MZQFDXZ4MSN63J9PZSGQ6,16.32315,1431814,2020-08-18 11:29:27 UTC,,,
0EH06N3ZRGA93HS0D5TJ8S3APN,16.32315,1431814,2020-08-18 11:29:41 UTC,,,
0EH06N8B35EYYNN5T0ZAKM5EMN,16.46204,1431814,2020-08-18 11:29:56 UTC,,,
0EH06NCKNXVEJDBMPAJ6N7P9ZG,16.39261,1431814,2020-08-18 11:30:10 UTC,,,
0EH06NGXVEG2575RZW423G44N8,16.46204,1431814,2020-08-18 11:30:24 UTC,,,
0EH06NNAV3BS49RK5KQMJAYBCK,16.39261,1431814,2020-08-18 11:30:38 UTC,,,
0EH06NSHNH2AGB6ZQ8W5TQJ5VM,16.39261,1431814,2020-08-18 11:30:52 UTC,,,
0EH06NXVT3JHEZTB4CXFA8FDK1,16.39261,1431814,2020-08-18 11:31:06 UTC,,,
0EH06P27QSR8WPZZPHTCJA9203,16.39261,1431814,2020-08-18 11:31:20 UTC,,,
0EH06P6HMSKPED3MHHMD8685GM,16.25369,1431814,2020-08-18 11:31:35 UTC,,,
0EH06PAVPPFJ5X6R4EXNM0CPPY,16.5315,1431814,2020-08-18 11:31:49 UTC,,,
0EH06PF5THGCH3PDJMAS3GY2DJ,16.46204,1431814,2020-08-18 11:32:03 UTC,,,
0EH06PKJW63ME9YAY8JDB5PAE8,16.18421,1431814,2020-08-18 11:32:17 UTC,,,
0EH06PQSV61J2CQFYKCTETYTFN,16.39261,1431814,2020-08-18 11:32:31 UTC,,,
0EH06PW60GHFJTKB9V9ZDE740X,16.39261,1431814,2020-08-18 11:32:46 UTC,,,
0EH06Q0FZTVQM5NWQY3ZR48PDP,16.39261,1431814,2020-08-18 11:33:00 UTC,,,
0EH06Q4VHDGGJF6Y05J9PZSGY5,16.25369,1431814,2020-08-18 11:33:14 UTC,,,
0EH06Q95BWKMAYGD1HS4RYR6GZ,16.39261,1431814,2020-08-18 11:33:28 UTC,,,
0EH06QDFENDB726ZBWSY9NH5TH,16.46204,1431814,2020-08-18 11:33:42 UTC,,,
0EH06QHS07G6VASNHB5Q0A3CVA,16.32315,1431814,2020-08-18 11:33:56 UTC,,,
0EH06QP5G8DQ3ES1PSNYDBM3FM,16.39261,1431814,2020-08-18 11:34:11 UTC,,,
0EH06QTEC6D66Q2H8E4KMKJVM6,16.5315,1431814,2020-08-18 11:34:25 UTC,,,
0EH06QYQNZCNWHT56KK05Z58RR,16.32315,1431814,2020-08-18 11:34:39 UTC,,,
0EH06R341BSWRMF8AKC5PYQ7X8,16.39261,1431814,2020-08-18 11:34:53 UTC,,,
0EH06R7DVHDH24J59JPVN2144R,16.32315,1431814,2020-08-18 11:35:07 UTC,,,
0EH06RBP5FJF5N7M0XWYS8KGV0,16.39261,1431814,2020-08-18 11:35:21 UTC,,,
0EH06RFZVJQZCQ1BMB1JMQJQSF,16.39261,1431814,2020-08-18 11:35:35 UTC,,,
0EH06RMFXVDQR8GQ95WJTQ929P,16.32315,1431814,2020-08-18 11:35:50 UTC,,,
0EH06RRNRQVTG2QBD1M8DSN444,16.5315,1431814,2020-08-18 11:36:04 UTC,,,
0EH06RWXR5PATJ4QJ4Q2RJ589D,16.5315,1431814,2020-08-18 11:36:18 UTC,,,
0EH06S1HYQ9CY49NZJTVTGP1FK,16.46204,1431814,2020-08-18 11:36:33 UTC,,,
0EH06S5KRJB25M3377E6V0E345,16.32315,1431814,2020-08-18 11:36:46 UTC,,,
0EH06S9YYPKDG4F3AZMZD8WDZN,16.39261,1431814,2020-08-18 11:37:00 UTC,,,
0EH06SE7PCEW3KSBY8A8Q04KA3,16.32315,1431814,2020-08-18 11:37:14 UTC,,,
0EH06SJKR4EACPHJ7QNJ6W5HJJ,16.25369,1431814,2020-08-18 11:37:29 UTC,,,
0EH06SPY3Z0HZS1SDSTV1TKN9T,16.39261,1431814,2020-08-18 11:37:43 UTC,,,
0EH06SV7XDEZ29137QD98KV9M7,16.32315,1431814,2020-08-18 11:37:57 UTC,,,
0EH06SZHPDFWGYX14JRG6HW5TA,16.46204,1431814,2020-08-18 11:38:11 UTC,,,
0EH06T3XT5QDB5ZZWXJZCYCJZE,16.39261,1431814,2020-08-18 11:38:25 UTC,,,
0EH06T8ASBPXD1AY8Y5R3BKV43,16.39261,1431814,2020-08-18 11:38:40 UTC,,,
0EH06TCHZ7W8667C4X5SZDF3M8,16.39261,1431814,2020-08-18 11:38:54 UTC,,,
0EH06TGVR3HSYZHP51NRRYQ5JY,16.46204,1431814,2020-08-18 11:39:08 UTC,,,
0EH06TN5KKWC8WT4CREYSBZ4ZC,16.32315,1431814,2020-08-18 11:39:22 UTC,,,
0EH06TSFVG51ZQD56S2RJM40DB,16.32315,1431814,2020-08-18 11:39:36 UTC,,,
0EH06TXSMS5K4AQQ7M5SXKAZFK,16.46204,1431814,2020-08-18 11:39:50 UTC,,,
0EH06V25QG4CXVBTYD284RF6WQ,16.39261,1431814,2020-08-18 11:40:05 UTC,,,
0EH06V6H9FTGP838RK4KNNXBC3,16.46204,1431814,2020-08-18 11:40:19 UTC,,,
0EH06VAT2D0JCYB21TJ9MEH1TT,16.46204,1431814,2020-08-18 11:40:33 UTC,,,
0EH06VF3P8W7M8KVXGHFRK0MKH,16.39261,1431814,2020-08-18 11:40:47 UTC,,,
0EH06VKERQTB61FS47SRYSYFXZ,16.46204,1431814,2020-08-18 11:41:01 UTC,,,
0EH06VQQS090FR3NYFQSTGQAQ4,16.39261,1431814,2020-08-18 11:41:15 UTC,,,
0EH06VW1T9SRHN0EFPVDNY15A7,16.32315,1431814,2020-08-18 11:41:29 UTC,,,
0EH06W0BV355PM75EAZXDWDB1W,16.39261,1431814,2020-08-18 11:41:43 UTC,,,
0EH06W4QPTRRKB8KR6C8GNR4M0,16.32315,1431814,2020-08-18 11:41:58 UTC,,,
0EH06W926FWP1H39QPFFZ1QTF5,16.25369,1431814,2020-08-18 11:42:12 UTC,,,
0EH06WDC19G9BQHPPXCH6ENEZM,16.39261,1431814,2020-08-18 11:42:26 UTC,,,
0EH06WHNTJCT5SC0DHYEW5QNCG,16.39261,1431814,2020-08-18 11:42:40 UTC,,,
0EH06WP2S5NKVC702KNR8CSNJX,16.39261,1431814,2020-08-18 11:42:55 UTC,,,
0EH06WTBPZY9PDJ84CF02R3SD7,16.39261,1431814,2020-08-18 11:43:09 UTC,,,
0EH06WYP42DGBV9G9V99S31KFC,16.32315,1431814,2020-08-18 11:43:23 UTC,,,
0EH06X2ZMPFKGVX0P8DMY802EF,16.32315,1431814,2020-08-18 11:43:37 UTC,,,
0EH06X79QTAW75QY45T0Q9J65X,16.46204,1431814,2020-08-18 11:43:51 UTC,,,
0EH06XBKME1N6DR1FZH9M5FFBG,16.39261,1431814,2020-08-18 11:44:05 UTC,,,
0EH06XFZW7GQ77JE2P38F9NMYJ,16.39261,1431814,2020-08-18 11:44:20 UTC,,,
0EH06XMCQ3K7JCYCNV9Z4D2KHQ,16.32315,1431814,2020-08-18 11:44:34 UTC,,,
0EH06XRKMSVJDBCKHSV4YSXTVF,16.39261,1431814,2020-08-18 11:44:48 UTC,,,
0EH06XWYVRY623T6FADYC0DTK1,16.46204,1431814,2020-08-18 11:45:02 UTC,,,
0EH06Y17PP2MBGKHJ69DCGJ6FE,16.25369,1431814,2020-08-18 11:45:16 UTC,,,
0EH06Y5HQEA7MDTVRDGBQV9JGZ,16.39261,1431814,2020-08-18 11:45:30 UTC,,,
0EH06Y9Z8VV7SAYQ5JM2KEXVHT,16.39261,1431814,2020-08-18 11:45:45 UTC,,,
0EH06YE5PCX8XMP9X5J7VZFQR1,16.32315,1431814,2020-08-18 11:45:58 UTC,,,
0EH06YJK9T73C329XE71890KK1,16.25369,1431814,2020-08-18 11:46:13 UTC,,,
0EH06YPVTKY1HF7HK8CKMKCHBQ,16.32315,1431814,2020-08-18 11:46:27 UTC,,,
0EH06YV5PFZTJBSDZ85208QMBD,16.25369,1431814,2020-08-18 11:46:41 UTC,,,
0EH06YZFPSVDVZJQNV98RBY328,16.32315,1431814,2020-08-18 11:46:55 UTC,,,
0EH06Z3XA32R971QQVZ52EPSGX,16.32315,1431814,2020-08-18 11:47:10 UTC,,,
0EH06Z83YNPHZBEE6809JZ1EX9,16.25369,1431814,2020-08-18 11:47:23 UTC,,,
0EH06ZCFVBKWEVYJ7SDMZMYDQ6,16.39261,1431814,2020-08-18 11:47:38 UTC,,,
0EH06ZGY87FCDVAJJEKYVBA7WP,16.32315,1431814,2020-08-18 11:47:52 UTC,,,
0EH06ZN59JGX11519XHMP68MNG,16.25369,1431814,2020-08-18 11:48:06 UTC,,,
0EH06ZSDNB17GZ504GBK0ENZ2Y,16.32315,1431814,2020-08-18 11:48:20 UTC,,,
0EH06ZXTWEGGAKV0AY6DDA7MAN,16.32315,1431814,2020-08-18 11:48:35 UTC,,,
0EH07022QPKT8PME7X1WSWRNF9,16.25369,1431814,2020-08-18 11:48:49 UTC,,,
0EH0706DYFD7V4P1PKCG81RP5Q,16.32315,1431814,2020-08-18 11:49:03 UTC,,,
0EH070ASV1AB38PJ51PTSFQADV,16.32315,1431814,2020-08-18 11:49:17 UTC,,,
0EH070F3DTJVNHJQ3YJ27M22H4,16.25369,1431814,2020-08-18 11:49:31 UTC,,,
0EH070KBR5R848RTE2C85ZVYS3,16.18421,1431814,2020-08-18 11:49:45 UTC,,,
0EH070QNR90CB6M4EE7RY9K5CG,16.18421,1431814,2020-08-18 11:49:59 UTC,,,
0EH070W06GWG6VAA4YF4P86TPX,16.01044,1431814,2020-08-18 11:50:13 UTC,,,
0EH0710CJ73Z6Q16M8BK31YMCZ,16.32315,1431814,2020-08-18 11:50:28 UTC,,,
0EH0714QDEWSYHSDAV2JFTHCDD,16.46204,1431814,2020-08-18 11:50:42 UTC,,,
0EH0718XPTPTKCC3VX2CZGRP10,16.25369,1431814,2020-08-18 11:50:56 UTC,,,
0EH071D9Q640N49EE3HR0994ZF,16.39261,1431814,2020-08-18 11:51:10 UTC,,,
0EH071HKMFBMAPSCDT0W3FRF0N,16.32315,1431814,2020-08-18 11:51:24 UTC,,,
0EH071NXT3CMMC684FKMBFG7W0,16.32315,1431814,2020-08-18 11:51:38 UTC,,,
0EH071T7TNG15QM5XGAZM75XRX,16.25369,1431814,2020-08-18 11:51:53 UTC,,,
0EH071YJM84VKCFBGTTR472EBA,16.32315,1431814,2020-08-18 11:52:07 UTC,,,
0EH0722VP1657QTVY5GF2A154Y,16.32315,1431814,2020-08-18 11:52:21 UTC,,,
0EH07277ZJ5N1YMSK0A2D7X3FD,16.39261,1431814,2020-08-18 11:52:35 UTC,,,
0EH072BHT4HBPWSY655Z6THK3K,16.32315,1431814,2020-08-18 11:52:49 UTC,,,
0EH072FVWHTHY4JEDE8YPF5NVP,16.32315,1431814,2020-08-18 11:53:03 UTC,,,
